<meta>
	<info author="Al3grab" version="1.0" type="script" name="Spawn Protection" description="Spawn Protection" />
	<script src="SP-S.lua" type="server" />
	<script src="SP-C.lua" type="client" />
	
	<export function="setSpawnProtection"/>
	<export function="getSpawnProtection"/>
	
	<settings>
	<setting name='*SpawnProtectSpeed' friendlyname='Spawn Protect Speed' value='[15]' desc='Spawn Protect Speed' group='Al3grab' />
	<setting name='*PlayerAlpha' friendlyname='Spawn Protect Alpha' value='[175]' desc='Spawn Protect Alpha' group='Al3grab' />
	</settings>
</meta>