<ads>
                  <ad>#00ff00*ADS*Are the wheels messed up on your vehicle? Add hydraulics!</ad>
                  <ad>#00ff00*ADS*Register On Our Forums! www.mtamoga.enjin.com</ad>
                  <ad>#00ff00*ADS*Do You Want To Be A VIP Donator? Go On Our Forums and PM ssmoke for payment details! Donating helps MOGA to have Our servers alive!</ad>
                  <ad>#00ff00*ADS*Do You Want To Be A VIP? Recruit 10 new players to our server and prove it by making them PM ssmoke(owner) in our forums with your nickname!</ad>
                  <ad>#00ff00*ADS*Visit And Like Our Facebook Page! https://www.facebook.com/MTAmoga</ad>
                  <ad>#00ff00*ADS*Add this server to your #00FF00favorites!</ad>
                  <ad>#00ff00*ADS*Asking for Admin Powers #00FF00Will not work.</ad>
                  <ad>#00ff00*ADS*Don't abuse bugs etc, report them instead #00FF00Thank you. </ad>
                  <ad>#00ff00*ADS*Remember to have fun, don't be a dick to other players..</ad>
                  <ad>#00ff00*ADS*Want to buy guns? We have gunshops! Open the map (F11) to locate them! (Gunblip)</ad>
                  <ad>#00ff00*ADS*Type #ff0000/lock #00ff00To lock/unlock your vehicle!</ad>
                  <ad>#00ff00*ADS*Eject passangers out from your vehicle by typing #ff0000/eject</ad>
                  <ad>#00ff00*ADS*Some [MOGA] member abusing his powers?#00FF00Please report them to a HQ member, /report or you can go to www.mtamoga.enjin.com and create a new thread about it! Thank you..</ad>
                  <ad>#00ff00*ADS*Are you interested in joining our clan? Apply at www.mtamoga.enjin.com (being in moga does not mean you will get admin)</ad>

</ads>