<meta>
    <info type="map" name="[MOGAHQ]AB-Area51" author="xboxxxxd" version="1.5.0"></info>

	<script src="ABP-Area51.lua" type="server" />
    	<script src="ABW-Area51.lua" type="client"/>
        <script src="ABM-Area51.lua" type="client"></script>
        <script src="ABG-Area51.lua" type="server"></script>
        <script src="ABKP_C-Area51.lua" type="client"></script>
        <script src="ABKP_S-Area51.lua" type="server"></script>

    <map src="AB-Area51.map" dimension="0"></map>

    <settings>
        <setting name="#maxplayers" value="[ 128 ]"></setting>
        <setting name="#useLODs" value="[ false ]"></setting>
        <setting name="#gamespeed" value="[ 1 ]"></setting>
        <setting name="#minplayers" value="[ 0 ]"></setting>
        <setting name="#gravity" value="[ 0.008000 ]"></setting>
        <setting name="#waveheight" value="[ 0 ]"></setting>
        <setting name="#locked_time" value="[ false ]"></setting>
        <setting name="#weather" value="[ 0 ]"></setting>
        <setting name="#time" value="12:0"></setting>
    </settings>
    <script src="mapEditorScriptingExtension_s.lua" type="server"></script>
    <script src="mapEditorScriptingExtension_c.lua" type="client"></script>
</meta>
