<meta>
	<info author="Z://Arezu and -rG//MegaDreams" name="Anti-Bounce" version="2.1.0" description="Anti-Bounce" type="misc" />
	
	<script src="c_core.lua" type="client" cache="false" />
	<script src="c_preferences.lua" type="client" cache="false" />
	
	<script src="s_utils.lua" type="server" />
	<script src="s_core.lua" type="server" />
	<script src="s_settings.lua" type="server" />
	<script src="s_updater.lua" type="server" />
	<script src="s_statistics.lua" type="server" />
	
	<oop>true</oop>
</meta>