<meta>
    <script src="client.lua.sxc" type="client" />
    <info type="map" version="1.0" author="RAEDON" name="The Best Party on Beach"/>
    <map src="map-party.map" dimension="0" />
    <settings>
        <setting name="#minplayers" value="[ 0 ]" />
        <setting name="#maxplayers" value="[ 128 ]" />
        <setting name="#gravity" value="[ 0.008000 ]" />
        <setting name="#weather" value="[ 0 ]" />
        <setting name="#time" value="0:0" />
        <setting name="#locked_time" value="[ false ]" />
        <setting name="#waveheight" value="[ 0 ]" />
        <setting name="#gamespeed" value="[ 1 ]" />
    </settings>
</meta>
