<meta>

	<info author="!Mr.JooTa" name="Radar Gta 5" type="script" version="1.0.7" />

        <min_mta_version server="1.3.4-0.00000" client="1.3.4-0.00000" />

	<script src="radar2.luac" type="server" />
	<script src="radar.luac" type="client"></script>

	<script src="create.lua" type="client" />

	<file src="image/world.jpg" type="client"></file>

	<file src="image/player.png" type="client"></file>

	<file src="image/blip/0.png" type="client"></file>

	<file src="image/blip/1.png" type="client"></file>

	<file src="image/blip/2.png" type="client"></file>

	<file src="image/blip/3.png" type="client"></file>

	<file src="image/blip/4.png" type="client"></file>

	<file src="image/blip/5.png" type="client"></file>

	<file src="image/blip/6.png" type="client"></file>

	<file src="image/blip/7.png" type="client"></file>

	<file src="image/blip/8.png" type="client"></file>

	<file src="image/blip/9.png" type="client"></file>

	<file src="image/blip/10.png" type="client"></file>

	<file src="image/blip/11.png" type="client"></file>

	<file src="image/blip/12.png" type="client"></file>

	<file src="image/blip/13.png" type="client"></file>

	<file src="image/blip/14.png" type="client"></file>

	<file src="image/blip/15.png" type="client"></file>

	<file src="image/blip/16.png" type="client"></file>

	<file src="image/blip/17.png" type="client"></file>

	<file src="image/blip/18.png" type="client"></file>

	<file src="image/blip/19.png" type="client"></file>

	<file src="image/blip/20.png" type="client"></file>

	<file src="image/blip/21.png" type="client"></file>

	<file src="image/blip/22.png" type="client"></file>

	<file src="image/blip/23.png" type="client"></file>

	<file src="image/blip/24.png" type="client"></file>

	<file src="image/blip/25.png" type="client"></file>

	<file src="image/blip/26.png" type="client"></file>

	<file src="image/blip/27.png" type="client"></file>

	<file src="image/blip/28.png" type="client"></file>

	<file src="image/blip/29.png" type="client"></file>

	<file src="image/blip/30.png" type="client"></file>

	<file src="image/blip/31.png" type="client"></file>

	<file src="image/blip/32.png" type="client"></file>

	<file src="image/blip/33.png" type="client"></file>

	<file src="image/blip/34.png" type="client"></file>

	<file src="image/blip/35.png" type="client"></file>

	<file src="image/blip/36.png" type="client"></file>

	<file src="image/blip/37.png" type="client"></file>

	<file src="image/blip/38.png" type="client"></file>

	<file src="image/blip/39.png" type="client"></file>

	<file src="image/blip/40.png" type="client"></file>

	<file src="image/blip/41.png" type="client"></file>

	<file src="image/blip/42.png" type="client"></file>

	<file src="image/blip/43.png" type="client"></file>

	<file src="image/blip/44.png" type="client"></file>

	<file src="image/blip/45.png" type="client"></file>

	<file src="image/blip/46.png" type="client"></file>

	<file src="image/blip/47.png" type="client"></file>

	<file src="image/blip/48.png" type="client"></file>

	<file src="image/blip/49.png" type="client"></file>

	<file src="image/blip/50.png" type="client"></file>

	<file src="image/blip/51.png" type="client"></file>

	<file src="image/blip/52.png" type="client"></file>

	<file src="image/blip/53.png" type="client"></file>

	<file src="image/blip/54.png" type="client"></file>

	<file src="image/blip/55.png" type="client"></file>

	<file src="image/blip/56.png" type="client"></file>

	<file src="image/blip/57.png" type="client"></file>

	<file src="image/blip/58.png" type="client"></file>

	<file src="image/blip/59.png" type="client"></file>

	<file src="image/blip/60.png" type="client"></file>

	<file src="image/blip/61.png" type="client"></file>

	<file src="image/blip/62.png" type="client"></file>

	<file src="image/blip/63.png" type="client"></file>
</meta>