﻿<meta>
   <info author="ShWaEkI" type="script" version="2.5.5" description="House system" />
   
	<script src="language.lua" type="client" cache="false" />
    <script src="client.luac" type="client" cache="false" />
    <script src="server.luac" type="server" />
	
	<settings>
		<setting name='*EditHouse' value='Console' desc='The ability to add and delete homes' />
		<setting name='*Spawn' value='SpawnInHouse' desc='Command Spawn in House' />
		<setting name='*SpawnTime' value='2' desc='The Time in seconds' />
		<setting name='*MaxPlayerHouse' value='2' desc='The number of homes that can be owned by the player' />
		<setting name='*HouseInfo' value='true' desc='Show information on House icon' />
    </settings>
	
</meta>
