<meta>
    <info type="map" version="1.0.0"></info>
    <map src="tebhouse.map" dimension="0"></map>
    <script src="music.lua" type="client" /> 
    <script src="texture.lua" type="client" />
    <script src="peds.lua" type="server" />
    <file src="des_ranch.txd"/>
    <file src="1.wav"/>
    <settings>
        <setting name="#minplayers" value="[ 0 ]"></setting>
        <setting name="#maxplayers" value="[ 128 ]"></setting>
        <setting name="#gravity" value="[ 0.008000 ]"></setting>
        <setting name="#weather" value="[ 0 ]"></setting>
        <setting name="#time" value="12:0"></setting>
        <setting name="#locked_time" value="[ false ]"></setting>
        <setting name="#waveheight" value="[ 0 ]"></setting>
        <setting name="#gamespeed" value="[ 1 ]"></setting>
    </settings>
</meta>
